sample_id,fp32_probability,fp32_label,circuit_output,quant_error,label_match,fp32_latency_ms,witness_time_s,proof_time_s,verify_time_s,total_zkp_time_s,proof_size_kb,overhead_ratio,is_valid
3,0.721853,1,-1.2865947478964493e+72,1.2865947478964493e+72,False,0.3021,0.2312,3.0171,0.3562,3.6045,20.02,10752.6,True
4,0.909025,1,1.2209620646619182e+72,1.2209620646619182e+72,True,0.268,0.2517,3.1154,0.2359,3.603,20.04,12563.7,True
5,0.162845,0,3.107281722388918e+71,3.107281722388918e+71,False,0.4349,0.2515,2.7374,0.23,3.2189,19.99,6872.6,True
8,0.639724,1,3.9580854369443676e+72,3.9580854369443676e+72,True,0.3449,0.2949,1.9131,0.1457,2.3537,20.04,6401.9,True
