sample_id,fp32_probability,fp32_label,circuit_output,quant_error,label_match,fp32_latency_ms,witness_time_s,proof_time_s,verify_time_s,total_zkp_time_s,proof_size_kb,overhead_ratio,is_valid
3,0.721853,1,-1.2865947478964493e+72,1.2865947478964493e+72,False,0.2978,0.2221,2.3405,0.3406,2.9031,20.05,8604.9,True
4,0.909025,1,1.2209620646619182e+72,1.2209620646619182e+72,True,0.3585,0.3511,2.6377,0.2965,3.2854,20.06,8337.1,True
5,0.162845,0,3.107281722388918e+71,3.107281722388918e+71,False,0.3776,0.3211,2.6154,0.2729,3.2094,20.0,7776.6,True
8,0.639724,1,3.9580854369443676e+72,3.9580854369443676e+72,True,0.3497,0.2094,2.2874,0.2585,2.7554,20.02,7139.9,True
